display_name,stub,dropdown_parent
Home,/,
Stories on a Dime,/exhibit.html,
The First of Many,/firstofmany.html,Stories on a Dime
The Rise of Genre Fiction,/genrefiction.html,Stories on a Dime
Dime Novels in the News,/inthenews.html,Stories on a Dime
Stereotypes to Stereotypes,/stereotypes.html,Stories on a Dime
Dime Novel Legacy,/legacy.html,Stories on a Dime
Resources & References,/resources.html,Stories on a Dime
Browse,/browse.html,
Subjects,/subjects.html,
Timeline,/timeline.html,
Data,/data.html,
About,/about.html,
